{
    "name": "Jonny soft",
    "email": "jonnyejob@gmail.com",
    "phone": "9851518072",
    "id": "1589660",
    "account": [
        {
            "ammount": "20",
            "depositDate": "2022-11-22 14:38:03",
            "withdrawals_ammount": "",
            "withdrawals_date": ""
        },
        {
            "ammount": "20",
            "depositDate": "2022-11-22 14:38:03",
            "withdrawals_ammount": "",
            "withdrawals_date": ""
        }
    ],
    "balance": "540",
    "extension": "png",
    "0": {
        "ammount": "500",
        "depositDate": "2022-11-22 15:33:45"
    }
}